ID	SMILES	InChI	InChIKey
actinonin	CCCCC[C@H](CC(=O)NO)C(=O)N[C@@H](C(C)C)C(=O)N1CCC[C@H]1CO	InChI=1S/C19H35N3O5/c1-4-5-6-8-14(11-16(24)21-27)18(25)20-17(13(2)3)19(26)22-10-7-9-15(22)12-23/h13-15,17,23,27H,4-12H2,1-3H3,(H,20,25)(H,21,24)/t14-,15+,17+/m1/s1	XJLATMLVMSFZBN-VYDXJSESSA-N
AQV	C[C@H]1CC(N(C2=CC=CC=C12)C(=O)CN3C(=O)C4=CC=CC=C4C3=O)(C)C	InChI=1S/C22H22N2O3/c1-14-12-22(2,3)24(18-11-7-6-8-15(14)18)19(25)13-23-20(26)16-9-4-5-10-17(16)21(23)27/h4-11,14H,12-13H2,1-3H3/t14-/m0/s1	KDDHBJICVBONAX-AWEZNQCLSA-N
TCMDC-143163	COC1=CC=C(C=C1)NS(=O)(=O)C2=C(C=CC(=C2)NC(=O)C3=CC=C(S3)[N+](=O)[O-])OC	InChI=1S/C19H17N3O7S2/c1-28-14-6-3-12(4-7-14)21-31(26,27)17-11-13(5-8-15(17)29-2)20-19(23)16-9-10-18(30-16)22(24)25/h3-11,21H,1-2H3,(H,20,23)	DYOXCKGIGMXWNR-UHFFFAOYSA-N
SCHEMBL1591714	C[C@@H]1CN2[C@H]([C@@H](O1)C)C3(CC4=C2C=CC(=C4)[N+](=O)[O-])C(=O)NC(=O)NC3=O	InChI=1S/C17H18N4O6/c1-8-7-20-12-4-3-11(21(25)26)5-10(12)6-17(13(20)9(2)27-8)14(22)18-16(24)19-15(17)23/h3-5,8-9,13H,6-7H2,1-2H3,(H2,18,19,22,23,24)/t8-,9+,13-/m1/s1	DJZPHYIXNUOVJU-VYUIOLGVSA-N
Depulfavirine	C1=CC(=C(C=C1S(=O)(=O)N)Cl)NC(=O)CC2=C(C(=C(C=C2)Br)OC3=CC(=CC(=C3)C#N)Cl)F	InChI=1S/C21H13BrCl2FN3O4S/c22-16-3-1-12(20(25)21(16)32-14-6-11(10-26)5-13(23)8-14)7-19(29)28-18-4-2-15(9-17(18)24)33(27,30)31/h1-6,8-9H,7H2,(H,28,29)(H2,27,30,31)	SBUUICLVCQQMFP-UHFFFAOYSA-N
U21	CCCCCCC[C@H](CC(=O)O[C@@H]1[C@H]([C@H](O[C@@H]([C@H]1O)CO)OP(=O)(O)OP(=O)(O)OC[C@@H]2[C@H]([C@H]([C@@H](O2)N3C=CC(=O)NC3=O)O)O)NC(=O)C)O	InChI=1S/C27H45N3O19P2/c1-3-4-5-6-7-8-15(33)11-19(35)47-24-20(28-14(2)32)26(46-16(12-31)22(24)37)48-51(42,43)49-50(40,41)44-13-17-21(36)23(38)25(45-17)30-10-9-18(34)29-27(30)39/h9-10,15-17,20-26,31,33,36-38H,3-8,11-13H2,1-2H3,(H,28,32)(H,40,41)(H,42,43)(H,29,34,39)/t15-,16-,17-,20-,21-,22-,23-,24-,25-,26-/m1/s1	MQPZMQHQQMJGDE-MCDYFTFASA-N
KW-6356	CC1=NC=C(C=C1)C(=O)NC2=NC(=C(S2)C(=O)C3CCOCC3)C4=CC=CO4	InChI=1S/C20H19N3O4S/c1-12-4-5-14(11-21-12)19(25)23-20-22-16(15-3-2-8-27-15)18(28-20)17(24)13-6-9-26-10-7-13/h2-5,8,11,13H,6-7,9-10H2,1H3,(H,22,23,25)	KMFLQPJJHQNKKF-UHFFFAOYSA-N
HadAB-IN-1	CS(=O)(=O)NC(=O)CCC1=CN(N=C1C2=CC=C(C=C2)Cl)C3=CC=C(C=C3)Br	InChI=1S/C19H17BrClN3O3S/c1-28(26,27)23-18(25)11-4-14-12-24(17-9-5-15(20)6-10-17)22-19(14)13-2-7-16(21)8-3-13/h2-3,5-10,12H,4,11H2,1H3,(H,23,25)	HJRIVXBUFBERIX-UHFFFAOYSA-N
Skepinone-L	C1CC2=C(C=CC(=C2)NC3=C(C=C(C=C3)F)F)C(=O)C4=C1C=CC(=C4)OC[C@@H](CO)O	InChI=1S/C24H21F2NO4/c25-16-4-8-23(22(26)10-16)27-17-5-7-20-15(9-17)2-1-14-3-6-19(11-21(14)24(20)30)31-13-18(29)12-28/h3-11,18,27-29H,1-2,12-13H2/t18-/m1/s1	HXMGCTFLLWPVFM-GOSISDBHSA-N
UNC0638	CC(C)N1CCC(CC1)NC2=NC(=NC3=CC(=C(C=C32)OC)OCCCN4CCCC4)C5CCCCC5	InChI=1S/C30H47N5O2/c1-22(2)35-17-12-24(13-18-35)31-30-25-20-27(36-3)28(37-19-9-16-34-14-7-8-15-34)21-26(25)32-29(33-30)23-10-5-4-6-11-23/h20-24H,4-19H2,1-3H3,(H,31,32,33)	QOECJCJVIMVJGX-UHFFFAOYSA-N
Vipoglanstat	CC(C)(C)C(=O)NCC1=C(C(=C(C=C1)Cl)NC2=NC3=C(N2C)C=C(C(=C3)C(=O)NC4CCC(CC4)C(F)(F)F)OCC(F)F)Cl	InChI=1S/C30H34Cl2F5N5O3/c1-29(2,3)27(44)38-13-15-5-10-19(31)25(24(15)32)41-28-40-20-11-18(22(45-14-23(33)34)12-21(20)42(28)4)26(43)39-17-8-6-16(7-9-17)30(35,36)37/h5,10-12,16-17,23H,6-9,13-14H2,1-4H3,(H,38,44)(H,39,43)(H,40,41)/t16-,17+	PFORUFFGGNOLPJ-CALCHBBNSA-N
MK-8189	CC1=CN=C(C=C1)[C@H]2C[C@@H]2COC3=NC(=NC(=C3)NCC4=NN=C(S4)C)C	InChI=1S/C19H22N6OS/c1-11-4-5-16(20-8-11)15-6-14(15)10-26-18-7-17(22-12(2)23-18)21-9-19-25-24-13(3)27-19/h4-5,7-8,14-15H,6,9-10H2,1-3H3,(H,21,22,23)/t14-,15+/m1/s1	WQKPZDLZRFTMTI-CABCVRRESA-N
4-Phenyl-2-(3-phenylpropyl)-1,3-thiazole-5-carboxylic acid	C1=CC=C(C=C1)CCCC2=NC(=C(S2)C(=O)O)C3=CC=CC=C3	InChI=1S/C19H17NO2S/c21-19(22)18-17(15-11-5-2-6-12-15)20-16(23-18)13-7-10-14-8-3-1-4-9-14/h1-6,8-9,11-12H,7,10,13H2,(H,21,22)	WWFYLUZIXCVYBZ-UHFFFAOYSA-N
Zunsemetinib	CC1=CC(=C(C(=O)N1C2=CC(=NC=C2C)C3=NC(=NC=C3)C(C)(C)O)Cl)OCC4=C(C=C(C=N4)F)F	InChI=1S/C25H22ClF2N5O3/c1-13-10-30-18(17-5-6-29-24(32-17)25(3,4)35)9-20(13)33-14(2)7-21(22(26)23(33)34)36-12-19-16(28)8-15(27)11-31-19/h5-11,35H,12H2,1-4H3	FQPQMJULRZINPV-UHFFFAOYSA-N
Vicasinabin	CC(C)(C)C1=NC2=C(C(=N1)N3CC[C@@H](C3)O)N=NN2CC4=NN=NN4C	InChI=1S/C15H22N10O/c1-15(2,3)14-16-12(24-6-5-9(26)7-24)11-13(17-14)25(21-19-11)8-10-18-20-22-23(10)4/h9,26H,5-8H2,1-4H3/t9-/m0/s1	MAYZWDRUFKUGGP-VIFPVBQESA-N
NITD-916	CC1(CCC(CC1)CC2=CC(=C(C(=O)N2)C3=CC=CC=C3)O)C	InChI=1S/C20H25NO2/c1-20(2)10-8-14(9-11-20)12-16-13-17(22)18(19(23)21-16)15-6-4-3-5-7-15/h3-7,13-14H,8-12H2,1-2H3,(H2,21,22,23)	WKDRRKVUJLNFSR-UHFFFAOYSA-N
naporafenib	CC1=C(C=C(C=C1)NC(=O)C2=CC(=NC=C2)C(F)(F)F)C3=CC(=NC(=C3)OCCO)N4CCOCC4	InChI=1S/C25H25F3N4O4/c1-16-2-3-19(30-24(34)17-4-5-29-21(12-17)25(26,27)28)15-20(16)18-13-22(32-6-9-35-10-7-32)31-23(14-18)36-11-8-33/h2-5,12-15,33H,6-11H2,1H3,(H,30,34)	UEPXBTCUIIGYCY-UHFFFAOYSA-N
GDC-0310	C[C@@H](C1=CC(=CC(=C1)Cl)Cl)N2CCC(CC2)COC3=CC(=C(C=C3C4CC4)C(=O)NS(=O)(=O)C)F	InChI=1S/C25H29Cl2FN2O4S/c1-15(18-9-19(26)11-20(27)10-18)30-7-5-16(6-8-30)14-34-24-13-23(28)22(12-21(24)17-3-4-17)25(31)29-35(2,32)33/h9-13,15-17H,3-8,14H2,1-2H3,(H,29,31)/t15-/m0/s1	SXOAHIZWCZOILH-HNNXBMFYSA-N
linvencorvir	CCOC(=O)C1=C(NC(=N[C@H]1C2=C(C(=CC=C2)F)C)C3=NC=CS3)CN4CCN5[C@@H](C4)CN(C5=O)CC(C)(C)C(=O)O	InChI=1S/C29H35FN6O5S/c1-5-41-26(37)22-21(15-34-10-11-36-18(13-34)14-35(28(36)40)16-29(3,4)27(38)39)32-24(25-31-9-12-42-25)33-23(22)19-7-6-8-20(30)17(19)2/h6-9,12,18,23H,5,10-11,13-16H2,1-4H3,(H,32,33)(H,38,39)/t18-,23-/m0/s1	YLJBFYZGSKMBEZ-MBSDFSHPSA-N
BMS-986242	C[C@H](C1CCC(CC1)C2=C3C=C(C=CC3=NC=C2)F)NC(=O)C4=CC=C(C=C4)Cl	InChI=1S/C24H24ClFN2O/c1-15(28-24(29)18-6-8-19(25)9-7-18)16-2-4-17(5-3-16)21-12-13-27-23-11-10-20(26)14-22(21)23/h6-17H,2-5H2,1H3,(H,28,29)/t15-,16-,17-/m1/s1	AOJCHFNHRLPISK-BRWVUGGUSA-N
Sebetralstat	COCC1=NN(C=C1C(=O)NCC2=NC=CC(=C2F)OC)CC3=CC=C(C=C3)CN4C=CC=CC4=O	InChI=1S/C26H26FN5O4/c1-35-17-22-20(26(34)29-13-21-25(27)23(36-2)10-11-28-21)16-32(30-22)15-19-8-6-18(7-9-19)14-31-12-4-3-5-24(31)33/h3-12,16H,13-15,17H2,1-2H3,(H,29,34)	KGMPDQIYDKKXRD-UHFFFAOYSA-N
ACT-777991	CC1=NN(C=N1)CC(=O)N2CCN(C[C@H]2CCO)C3=C(N=C(S3)C(F)(F)F)C4=CN=C(N=C4)C(F)(F)F	InChI=1S/C20H20F6N8O2S/c1-11-29-10-33(31-11)9-14(36)34-4-3-32(8-13(34)2-5-35)16-15(30-18(37-16)20(24,25)26)12-6-27-17(28-7-12)19(21,22)23/h6-7,10,13,35H,2-5,8-9H2,1H3/t13-/m1/s1	FDZFVXKCJKOSRC-CYBMUJFWSA-N
GLPG2534	C1COCCC1NC2=C(C=C3C(=N2)N(C=N3)C4=NC=C(C=C4)C#N)OCCOCCO	InChI=1S/C21H24N6O4/c22-12-15-1-2-19(23-13-15)27-14-24-17-11-18(31-10-9-30-8-5-28)20(26-21(17)27)25-16-3-6-29-7-4-16/h1-2,11,13-14,16,28H,3-10H2,(H,25,26)	VNAPWQDUDZCVCA-UHFFFAOYSA-N
ONO-5430608	C1CN(CCC2=C1C=CC=C2OCCC3=CC=CC4=CC=CC=C43)CCCC(=O)O	InChI=1S/C26H29NO3/c28-26(29)12-5-16-27-17-13-21-9-4-11-25(24(21)14-18-27)30-19-15-22-8-3-7-20-6-1-2-10-23(20)22/h1-4,6-11H,5,12-19H2,(H,28,29)	XIMAYLMGLVYUOJ-UHFFFAOYSA-N
compound14d	COCCOC1=CC2=C([C@H](CC2)NC3=C(C=C4C(=N3)N=C(N4)O[C@@H]5CO[C@H]6[C@@H]5OC[C@H]6O)Cl)C(=C1)F	InChI=1S/C24H26ClFN4O6/c1-32-4-5-33-12-6-11-2-3-15(19(11)14(26)7-12)27-22-13(25)8-16-23(29-22)30-24(28-16)36-18-10-35-20-17(31)9-34-21(18)20/h6-8,15,17-18,20-21,31H,2-5,9-10H2,1H3,(H2,27,28,29,30)/t15-,17+,18+,20+,21+/m0/s1	RWALQNUYYICDCM-UMBWAWJWSA-N
CH7057288	CC1=CC(=CC(=N1)C#CC2=CC3=C(C=C2)C4=C(O3)C(C5=C(C4=O)C=CC(=C5)NS(=O)(=O)C)(C)C)C(=O)NC(C)(C)C	InChI=1S/C32H31N3O5S/c1-18-14-20(30(37)34-31(2,3)4)16-21(33-18)10-8-19-9-12-24-26(15-19)40-29-27(24)28(36)23-13-11-22(35-41(7,38)39)17-25(23)32(29,5)6/h9,11-17,35H,1-7H3,(H,34,37)	DCGOHGQJHJXBGW-UHFFFAOYSA-N
TP0473292	C[C@H](OC(=O)[C@@]1([C@@H](C[C@@H]2[C@H]1[C@]2(C(=O)O)F)OCC3=CC=C(C=C3)F)N)OC(=O)C45CC6CC(C4)CC(C6)C5	InChI=1S/C28H33F2NO7/c1-14(37-24(34)26-10-16-6-17(11-26)8-18(7-16)12-26)38-25(35)28(31)21(9-20-22(28)27(20,30)23(32)33)36-13-15-2-4-19(29)5-3-15/h2-5,14,16-18,20-22H,6-13,31H2,1H3,(H,32,33)/t14-,16-,17+,18-,20+,21+,22-,26-,27+,28-/m0/s1	OCKJWSRXCCMMEI-IBORMMBBSA-N
E4X	C[C@H](C1=CC=CC2=CC=CC=C21)[C@@H](C3=NNC(=O)O3)NS(=O)(=O)C4=CC=C(C=C4)Br	InChI=1S/C21H18BrN3O4S/c1-13(17-8-4-6-14-5-2-3-7-18(14)17)19(20-23-24-21(26)29-20)25-30(27,28)16-11-9-15(22)10-12-16/h2-13,19,25H,1H3,(H,24,26)/t13-,19+/m1/s1	RXRDLPNXTGZSLC-YJYMSZOUSA-N
revumenib	CCN(C(C)C)C(=O)C1=C(C=CC(=C1)F)OC2=CN=CN=C2N3CC4(C3)CCN(CC4)CC5CCC(CC5)NS(=O)(=O)CC	InChI=1S/C32H47FN6O4S/c1-5-39(23(3)4)31(40)27-17-25(33)9-12-28(27)43-29-18-34-22-35-30(29)38-20-32(21-38)13-15-37(16-14-32)19-24-7-10-26(11-8-24)36-44(41,42)6-2/h9,12,17-18,22-24,26,36H,5-8,10-11,13-16,19-21H2,1-4H3/t24-,26-	FRVSRBKUQZKTOW-YOCNBXQISA-N
Ervogastat	CCOC1=C(N=CC=C1)OC2=CN=CC(=C2)C3=NC=C(C=N3)C(=O)N[C@H]4CCOC4	InChI=1S/C21H21N5O4/c1-2-29-18-4-3-6-23-21(18)30-17-8-14(9-22-12-17)19-24-10-15(11-25-19)20(27)26-16-5-7-28-13-16/h3-4,6,8-12,16H,2,5,7,13H2,1H3,(H,26,27)/t16-/m0/s1	UKBQFBRPXKGJPY-INIZCTEOSA-N
JNJ-67856633	C1=CC2=C(C=CNC2=O)C(=C1)N3C(=C(C=N3)C(=O)NC4=CC(=NC=C4)C(F)(F)F)C(F)(F)F	InChI=1S/C20H11F6N5O2/c21-19(22,23)15-8-10(4-6-27-15)30-18(33)13-9-29-31(16(13)20(24,25)26)14-3-1-2-12-11(14)5-7-28-17(12)32/h1-9H,(H,28,32)(H,27,30,33)	APWRZPQBPCAXFP-UHFFFAOYSA-N
Asundexian	CC[C@@H](C(=O)NC1=CC(=C(C=C1)C(=O)N)F)N2C=C(C(=CC2=O)C3=C(C=CC(=C3)Cl)N4C=C(N=N4)C(F)(F)F)OC	InChI=1S/C26H21ClF4N6O4/c1-3-19(25(40)33-14-5-6-15(24(32)39)18(28)9-14)36-11-21(41-2)17(10-23(36)38)16-8-13(27)4-7-20(16)37-12-22(34-35-37)26(29,30)31/h4-12,19H,3H2,1-2H3,(H2,32,39)(H,33,40)/t19-/m0/s1	XYWIPYBIIRTJMM-IBGZPJMESA-N
LY3372689	C[C@H]1C[C@H](CCN1CC2=C(N=C(S2)NC(=O)C)F)OCC3=NOC(=N3)C	InChI=1S/C16H22FN5O3S/c1-9-6-12(24-8-14-19-11(3)25-21-14)4-5-22(9)7-13-15(17)20-16(26-13)18-10(2)23/h9,12H,4-8H2,1-3H3,(H,18,20,23)/t9-,12-/m0/s1	FRVXHWNHGWUTQO-CABZTGNLSA-N
Etavopivat	C1COC2=C(O1)C=C(C=N2)S(=O)(=O)N3CC4=C(C3)CN(C4)C(=O)[C@H](CO)C5=CC=CC=C5	InChI=1S/C22H23N3O6S/c26-14-19(15-4-2-1-3-5-15)22(27)24-10-16-12-25(13-17(16)11-24)32(28,29)18-8-20-21(23-9-18)31-7-6-30-20/h1-5,8-9,19,26H,6-7,10-14H2/t19-/m1/s1	KZFFYEPYCVDOGE-LJQANCHMSA-N
Bexotegrast	COCCN(CCCCC1=NC2=C(CCCN2)C=C1)CC[C@@H](C(=O)O)NC3=NC=NC4=CC=CC=C43	InChI=1S/C27H36N6O3/c1-36-18-17-33(15-5-4-8-21-12-11-20-7-6-14-28-25(20)31-21)16-13-24(27(34)35)32-26-22-9-2-3-10-23(22)29-19-30-26/h2-3,9-12,19,24H,4-8,13-18H2,1H3,(H,28,31)(H,34,35)(H,29,30,32)/t24-/m0/s1	CWOFQJBATWQSHL-DEOSSOPVSA-N
BMS-536924	CC1=CC(=CC2=C1N=C(N2)C3=C(C=CNC3=O)NC[C@H](C4=CC(=CC=C4)Cl)O)N5CCOCC5	InChI=1S/C25H26ClN5O3/c1-15-11-18(31-7-9-34-10-8-31)13-20-23(15)30-24(29-20)22-19(5-6-27-25(22)33)28-14-21(32)16-3-2-4-17(26)12-16/h2-6,11-13,21,32H,7-10,14H2,1H3,(H,29,30)(H2,27,28,33)/t21-/m1/s1	ZWVZORIKUNOTCS-OAQYLSRUSA-N
BDBM50240998	C1CC2=C(C=CC(=C2)NC3=CC(=C(C=C3F)F)NC(=O)C4=CC=CS4)C(=O)C5=C1C=CC(=C5)C(=O)NCCN6CCOCC6	InChI=1S/C33H30F2N4O4S/c34-26-18-27(35)29(38-33(42)30-2-1-15-44-30)19-28(26)37-23-7-8-24-21(16-23)5-3-20-4-6-22(17-25(20)31(24)40)32(41)36-9-10-39-11-13-43-14-12-39/h1-2,4,6-8,15-19,37H,3,5,9-14H2,(H,36,41)(H,38,42)	KAMAPKIQUKEGQC-UHFFFAOYSA-N
NDi-034858	CNC1=CC(=NC2=C(C=NN12)C(=O)N[C@@H]3CC[C@H]3OC)NC4=CC=CN(C4=O)C5=CC=CC=N5	InChI=1S/C23H24N8O3/c1-24-20-12-18(27-16-6-5-11-30(23(16)33)19-7-3-4-10-25-19)29-21-14(13-26-31(20)21)22(32)28-15-8-9-17(15)34-2/h3-7,10-13,15,17,24H,8-9H2,1-2H3,(H,27,29)(H,28,32)/t15-,17-/m1/s1	BWINBHTTZLVXGT-NVXWUHKLSA-N
BMS-986299	CCN(CC1=NC2=C(N1)C(=NC3=C2C=CC(=C3)C4=CC=NN4)N)C(=O)C	InChI=1S/C18H19N7O/c1-3-25(10(2)26)9-15-22-16-12-5-4-11(13-6-7-20-24-13)8-14(12)21-18(19)17(16)23-15/h4-8H,3,9H2,1-2H3,(H2,19,21)(H,20,24)(H,22,23)	UHNRLQRZRNKOKU-UHFFFAOYSA-N
NVP-DKY709	C1CC(=O)NC(=O)C1N2CC3=C(C2=O)C=CC(=C3)C4CCN(CC4)CC5=CC=CC=C5	InChI=1S/C25H27N3O3/c29-23-9-8-22(24(30)26-23)28-16-20-14-19(6-7-21(20)25(28)31)18-10-12-27(13-11-18)15-17-4-2-1-3-5-17/h1-7,14,18,22H,8-13,15-16H2,(H,26,29,30)/t22-/m1/s1	OMISHRJQMYQPMG-JOCHJYFZSA-N
compound27	CC(C)(C1=CSC(=N1)NS(=O)(=O)C2CC2)C(=O)NC3=NC=C(C=C3)C4=CN=CC(=N4)C(F)(F)F	InChI=1S/C20H19F3N6O3S2/c1-19(2,15-10-33-18(27-15)29-34(31,32)12-4-5-12)17(30)28-16-6-3-11(7-25-16)13-8-24-9-14(26-13)20(21,22)23/h3,6-10,12H,4-5H2,1-2H3,(H,27,29)(H,25,28,30)	CZIDGRDZSFIUHX-UHFFFAOYSA-N
compound30	CC1=C(C=C(C=C1)C2=C3N=C(C=C(N3N=C2C)NCC4=CC(=CC=C4)C5=NC=CN5C)C(C)(C)O)C(=O)N(C)[C@@H](C)CO	InChI=1S/C33H39N7O3/c1-20-11-12-24(16-26(20)32(42)39(7)21(2)19-41)29-22(3)37-40-28(17-27(33(4,5)43)36-31(29)40)35-18-23-9-8-10-25(15-23)30-34-13-14-38(30)6/h8-17,21,35,41,43H,18-19H2,1-7H3/t21-/m0/s1	LGILUCRVDGGDMI-NRFANRHFSA-N
aficamten	CCC1=NC(=NO1)C2=CC3=C(C=C2)[C@@H](CC3)NC(=O)C4=CN(N=C4)C	InChI=1S/C18H19N5O2/c1-3-16-21-17(22-25-16)12-4-6-14-11(8-12)5-7-15(14)20-18(24)13-9-19-23(2)10-13/h4,6,8-10,15H,3,5,7H2,1-2H3,(H,20,24)/t15-/m1/s1	IOVAZWDIRCRMTM-OAHLLOKOSA-N
RPT193	CC1=C(C(=NC(=N1)N2CC(C2)[C@H]3CCCN(C3)C4CC(C4)(C)C(=O)O)N[C@H](C)C5=C(C=C(C=C5)Cl)Cl)Cl	InChI=1S/C27H34Cl3N5O2/c1-15(21-7-6-19(28)9-22(21)29)31-24-23(30)16(2)32-26(33-24)35-13-18(14-35)17-5-4-8-34(12-17)20-10-27(3,11-20)25(36)37/h6-7,9,15,17-18,20H,4-5,8,10-14H2,1-3H3,(H,36,37)(H,31,32,33)/t15-,17+,20-,27-/m1/s1	ANPSFQZLPNWKHR-BPZFHHOVSA-N
Evixapodlin	COC1=NC(=CN=C1CNC[C@@H]2CCC(=O)N2)C3=CC=CC(=C3Cl)C4=C(C(=CC=C4)C5=CN=C(C(=N5)OC)CNC[C@@H]6CCC(=O)N6)Cl	InChI=1S/C34H36Cl2N8O4/c1-47-33-27(15-37-13-19-9-11-29(45)41-19)39-17-25(43-33)23-7-3-5-21(31(23)35)22-6-4-8-24(32(22)36)26-18-40-28(34(44-26)48-2)16-38-14-20-10-12-30(46)42-20/h3-8,17-20,37-38H,9-16H2,1-2H3,(H,41,45)(H,42,46)/t19-,20-/m0/s1	OIIOPWHTJZYKIL-PMACEKPBSA-N
LL320	C1=CC(=CC(=C1)C(=O)N)C#CCN(CC[C@H](C(=O)O)N)C[C@@H]2[C@@H]([C@@H]([C@H](O2)N3C=NC4=C(N=CN=C43)N)O)O	InChI=1S/C24H28N8O6/c25-15(24(36)37)6-8-31(7-2-4-13-3-1-5-14(9-13)21(27)35)10-16-18(33)19(34)23(38-16)32-12-30-17-20(26)28-11-29-22(17)32/h1,3,5,9,11-12,15-16,18-19,23,33-34H,6-8,10,25H2,(H2,27,35)(H,36,37)(H2,26,28,29)/t15-,16-,18+,19+,23+/m1/s1	BWPXKNJHQXYKGO-VUZQMMKOSA-N
DS-9300	COC1=CC=C(C=C1)C2(CCC(CC2)(F)F)C(=O)N3C[C@@H](C[C@@H]3C(=O)NC4=NC5=C(C=C4)NN=C5)F	InChI=1S/C25H26F3N5O3/c1-36-17-4-2-15(3-5-17)24(8-10-25(27,28)11-9-24)23(35)33-14-16(26)12-20(33)22(34)31-21-7-6-18-19(30-21)13-29-32-18/h2-7,13,16,20H,8-12,14H2,1H3,(H,29,32)(H,30,31,34)/t16-,20-/m1/s1	UCKDTCZSOLMOMQ-OXQOHEQNSA-N
EZM0414	CC1=C2C(=C(C=C1)F)C=C(N2)C(=O)N[C@@H]3CCC[C@@H](C3)N4CCN(CC4)C(=O)C	InChI=1S/C22H29FN4O2/c1-14-6-7-19(23)18-13-20(25-21(14)18)22(29)24-16-4-3-5-17(12-16)27-10-8-26(9-11-27)15(2)28/h6-7,13,16-17,25H,3-5,8-12H2,1-2H3,(H,24,29)/t16-,17+/m1/s1	PGNLXEBQMQHFNK-SJORKVTESA-N
US11111247	C[C@@H]1CN(C[C@@H](N1C2=NC=C3C(=N2)C(=NN3)C4=CC=C(C=C4)N5CCN(CC5)C)C)C(=O)OC	InChI=1S/C24H32N8O2/c1-16-14-31(24(33)34-4)15-17(2)32(16)23-25-13-20-22(26-23)21(28-27-20)18-5-7-19(8-6-18)30-11-9-29(3)10-12-30/h5-8,13,16-17H,9-12,14-15H2,1-4H3,(H,27,28)/t16-,17+	MXDCACLUETVZNL-CALCHBBNSA-N
Sovilnesib	CC1=CC(=NC(=N1)N2CCC(CC2)(F)F)NC(=O)C3=C(C=C(C=C3)NS(=O)(=O)CCO)N4CCC5(CC5)CC4	InChI=1S/C26H34F2N6O4S/c1-18-16-22(31-24(29-18)34-12-8-26(27,28)9-13-34)30-23(36)20-3-2-19(32-39(37,38)15-14-35)17-21(20)33-10-6-25(4-5-25)7-11-33/h2-3,16-17,32,35H,4-15H2,1H3,(H,29,30,31,36)	KBDGEJDIHZDPHN-UHFFFAOYSA-N
PF-07038124	B1(C[C@@H](CO1)C2=CN=CC(=C2)C3=CC(=C(C=C3)OC)OCCC)O	InChI=1S/C18H22BNO4/c1-3-6-23-18-8-13(4-5-17(18)22-2)14-7-15(11-20-10-14)16-9-19(21)24-12-16/h4-5,7-8,10-11,16,21H,3,6,9,12H2,1-2H3/t16-/m0/s1	KXVKOYCGACSUPP-INIZCTEOSA-N
M1069	COC1=NC=C(C2=C1N=C(S2)NC(=O)N3CC[C@]4(C3)CCCOC4)C5=CCOCC5	InChI=1S/C21H26N4O4S/c1-27-18-16-17(15(11-22-18)14-3-9-28-10-4-14)30-19(23-16)24-20(26)25-7-6-21(12-25)5-2-8-29-13-21/h3,11H,2,4-10,12-13H2,1H3,(H,23,24,26)/t21-/m0/s1	CSSAKLQGJYJMNW-NRFANRHFSA-N
PTC-258	CC1=C(SC2=C1N=C(C=C2NCC3=CC=CS3)Cl)C[C@H](C)N	InChI=1S/C16H18ClN3S2/c1-9(18)6-13-10(2)15-16(22-13)12(7-14(17)20-15)19-8-11-4-3-5-21-11/h3-5,7,9H,6,8,18H2,1-2H3,(H,19,20)/t9-/m0/s1	XBAVUBLRECEOPY-VIFPVBQESA-N
FTX-6058	CC1=C(C=CC=N1)C2=CC3=C(NCC4=C(C=CC5=C4[C@H](CO5)CO3)F)N6C2=NN=C6	InChI=1S/C22H18FN5O2/c1-12-14(3-2-6-24-12)15-7-19-22(28-11-26-27-21(15)28)25-8-16-17(23)4-5-18-20(16)13(9-29-18)10-30-19/h2-7,11,13,25H,8-10H2,1H3/t13-/m1/s1	JQBUTSBIFNKJMW-CYBMUJFWSA-N
SCHEMBL22690000	CC1=C(C=C(C=C1OC2=C(N=CN(C2=O)CC3=CC(=CNC3=O)F)C(C(F)F)(F)F)C(F)F)C#N	InChI=1S/C21H13F7N4O3/c1-9-11(5-29)2-10(17(23)24)4-14(9)35-15-16(21(27,28)20(25)26)31-8-32(19(15)34)7-12-3-13(22)6-30-18(12)33/h2-4,6,8,17,20H,7H2,1H3,(H,30,33)	VZPBEVWOYXRBLB-UHFFFAOYSA-N
M4205	CN1C=C(C=N1)C2=CC=C(C=C2)CNC3=NC=NC(=C3)C4=CN=C5N4C=CC(=C5)OCCCN6CCCC6	InChI=1S/C29H32N8O/c1-35-20-24(18-34-35)23-7-5-22(6-8-23)17-30-28-16-26(32-21-33-28)27-19-31-29-15-25(9-13-37(27)29)38-14-4-12-36-10-2-3-11-36/h5-9,13,15-16,18-21H,2-4,10-12,14,17H2,1H3,(H,30,32,33)	LVMAULGVWBINFP-UHFFFAOYSA-N
HPK1-IN-3	CN1CCC2=CC(=C(C=C2C1)NC3=NC=C(C(=N3)NC4=C(C=CC=C4F)C(F)(F)F)C(=O)N)OC	InChI=1S/C23H22F4N6O2/c1-33-7-6-12-9-18(35-2)17(8-13(12)11-33)30-22-29-10-14(20(28)34)21(32-22)31-19-15(23(25,26)27)4-3-5-16(19)24/h3-5,8-10H,6-7,11H2,1-2H3,(H2,28,34)(H2,29,30,31,32)	RZLXOEIALAVGKH-UHFFFAOYSA-N
MRTX1133	C#CC1=C(C=CC2=CC(=CC(=C21)C3=NC=C4C(=C3F)N=C(N=C4N5CC6CCC(C5)N6)OC[C@@]78CCCN7C[C@@H](C8)F)O)F	InChI=1S/C33H31F3N6O2/c1-2-23-26(35)7-4-18-10-22(43)11-24(27(18)23)29-28(36)30-25(13-37-29)31(41-15-20-5-6-21(16-41)38-20)40-32(39-30)44-17-33-8-3-9-42(33)14-19(34)12-33/h1,4,7,10-11,13,19-21,38,43H,3,5-6,8-9,12,14-17H2/t19-,20-,21+,33+/m1/s1	SCLLZBIBSFTLIN-INOGPEIASA-N
A26	C1C[C@@]2(CN(C1)C(=O)/C=C/C(=O)NCC[C@H](NC(=O)CC3=CC=CC=C3CNC(=O)[C@@H](NC2=O)CC4=CC=CO4)C(=O)NCCOCCN)CC5=CC=CC=C5	InChI=1S/C41H51N7O8/c42-17-22-55-23-19-44-38(52)33-15-18-43-35(49)13-14-37(51)48-20-7-16-41(28-48,26-29-8-2-1-3-9-29)40(54)47-34(25-32-12-6-21-56-32)39(53)45-27-31-11-5-4-10-30(31)24-36(50)46-33/h1-6,8-14,21,33-34H,7,15-20,22-28,42H2,(H,43,49)(H,44,52)(H,45,53)(H,46,50)(H,47,54)/b14-13+/t33-,34-,41-/m0/s1	QZFQHBLXTBTKQV-YEFDEOQJSA-N
Sos1-IN-12	CC1=C(C=CC=C1C(F)(F)F)[C@@H](C)NC2=C3C=C(C=CC3=C(N=N2)C)N4CCNCC4	InChI=1S/C23H26F3N5/c1-14-18(5-4-6-21(14)23(24,25)26)15(2)28-22-20-13-17(31-11-9-27-10-12-31)7-8-19(20)16(3)29-30-22/h4-8,13,15,27H,9-12H2,1-3H3,(H,28,30)/t15-/m1/s1	MJSKXOIIHARCLW-OAHLLOKOSA-N
BLU-945	C[C@@H]1[C@H](CN1C2=C3C=NC(=CC3=C(C=C2)C(C)C)NC4=NC(=NC=C4)N5CC[C@H]([C@H](C5)F)OC)CS(=O)(=O)C	InChI=1S/C28H37FN6O3S/c1-17(2)20-6-7-24(35-14-19(18(35)3)16-39(5,36)37)22-13-31-27(12-21(20)22)32-26-8-10-30-28(33-26)34-11-9-25(38-4)23(29)15-34/h6-8,10,12-13,17-19,23,25H,9,11,14-16H2,1-5H3,(H,30,31,32,33)/t18-,19-,23+,25-/m1/s1	LIMFPAAAIVQRRD-BCGVJQADSA-N
RK-701	CC1=C(NC2=C1C(=O)CC(C2)(C)C)C(=O)N[C@@H](CCC3CC3)C(=O)NC4=CC=C(C=C4)C#N	InChI=1S/C26H30N4O3/c1-15-22-20(12-26(2,3)13-21(22)31)29-23(15)25(33)30-19(11-8-16-4-5-16)24(32)28-18-9-6-17(14-27)7-10-18/h6-7,9-10,16,19,29H,4-5,8,11-13H2,1-3H3,(H,28,32)(H,30,33)/t19-/m0/s1	OWORSODZTADOQX-IBGZPJMESA-N
TH-Z816	C[C@@H]1CNCCN1C2=NC(=NC3=C2CCN(C3)C4=CC=CC5=CC=CC(=C54)C)OC[C@@H]6CCCN6C	InChI=1S/C29H38N6O/c1-20-7-4-8-22-9-5-11-26(27(20)22)34-15-12-24-25(18-34)31-29(36-19-23-10-6-14-33(23)3)32-28(24)35-16-13-30-17-21(35)2/h4-5,7-9,11,21,23,30H,6,10,12-19H2,1-3H3/t21-,23+/m1/s1	UAZYYGRPOMNMMP-GGAORHGYSA-N
IHMT-MST1-58	CC1=CC=CC=C1C2C(=O)N(C3=CN=C(N=C3N2C)NC4=CC=C(C=C4)S(=O)(=O)N)C	InChI=1S/C21H22N6O3S/c1-13-6-4-5-7-16(13)18-20(28)26(2)17-12-23-21(25-19(17)27(18)3)24-14-8-10-15(11-9-14)31(22,29)30/h4-12,18H,1-3H3,(H2,22,29,30)(H,23,24,25)/t18-/m0/s1	FWEIAKDAIDQPRK-SFHVURJKSA-N
AZD9574	CC1=NC2=C(C(=C(C=C2)CN3CCN(CC3)C4=C(N=C(C=C4)C(=O)NC)F)F)NC1=O	InChI=1S/C21H22F2N6O2/c1-12-20(30)27-18-14(25-12)4-3-13(17(18)22)11-28-7-9-29(10-8-28)16-6-5-15(21(31)24-2)26-19(16)23/h3-6H,7-11H2,1-2H3,(H,24,31)(H,27,30)	WXRCLFFPZXJCLS-UHFFFAOYSA-N
YCT529	CC1=CC=C(C=C1)C2=CC(OC3=C2C=C(C=C3)C4=CC=C(N4)C5=CC=C(C=C5)C(=O)[O-])(C)C	InChI=1S/C29H25NO3/c1-18-4-6-19(7-5-18)24-17-29(2,3)33-27-15-12-22(16-23(24)27)26-14-13-25(30-26)20-8-10-21(11-9-20)28(31)32/h4-17,30H,1-3H3,(H,31,32)/p-1	QLXSCDXZOYRDAX-UHFFFAOYSA-M
YK-2-69	CCN1CCN(CC1)C(=O)C2=CN=C(C=C2)NC3=NC=C(C(=N3)C4=CC5=C(C=C4)N=C(S5)N(C)C)F	InChI=1S/C25H27FN8OS/c1-4-33-9-11-34(12-10-33)23(35)17-6-8-21(27-14-17)30-24-28-15-18(26)22(31-24)16-5-7-19-20(13-16)36-25(29-19)32(2)3/h5-8,13-15H,4,9-12H2,1-3H3,(H,27,28,30,31)	AWBAKFAKVVKANT-UHFFFAOYSA-N
AZD5462	CC1(CCC1)CNC(=O)[C@H]2[C@@H]3CC[C@@H](C3)[C@H]2NC(=O)C4=CC(=C(C=C4OC)F)OC5CCC(CC5)(C)C(=O)O	InChI=1S/C30H41FN2O6/c1-29(9-4-10-29)16-32-27(35)24-17-5-6-18(13-17)25(24)33-26(34)20-14-23(21(31)15-22(20)38-3)39-19-7-11-30(2,12-8-19)28(36)37/h14-15,17-19,24-25H,4-13,16H2,1-3H3,(H,32,35)(H,33,34)(H,36,37)/t17-,18+,19-,24+,25-,30-/m1/s1	LYUYYIGCZIZIGF-PSMDSEHZSA-N
(3~{S})-4-(4-hydroxyphenyl)-~{N}-oxidanyl-3-[5-[[(5-phenylthiophen-2-yl)sulfonylamino]methyl]-1,2,3-triazol-1-yl]butanamide	C1=CC=C(C=C1)C2=CC=C(S2)S(=O)(=O)NCC3=CN=NN3[C@@H](CC4=CC=C(C=C4)O)CC(=O)NO	InChI=1S/C23H23N5O5S2/c29-20-8-6-16(7-9-20)12-18(13-22(30)26-31)28-19(14-24-27-28)15-25-35(32,33)23-11-10-21(34-23)17-4-2-1-3-5-17/h1-11,14,18,25,29,31H,12-13,15H2,(H,26,30)/t18-/m0/s1	YNJVRCJGXCXRMB-SFHVURJKSA-N
MRGPRX2antagonist17	C[C@@H](C(=O)NC1=CN=C(C=N1)OC2=C(C=C(C=C2)F)F)N3CCC([C@H](C3)C4=CC=[N+](C=C4)[O-])(F)F	InChI=1S/C23H21F4N5O3/c1-14(31-9-6-23(26,27)17(13-31)15-4-7-32(34)8-5-15)22(33)30-20-11-29-21(12-28-20)35-19-3-2-16(24)10-18(19)25/h2-5,7-8,10-12,14,17H,6,9,13H2,1H3,(H,28,30,33)/t14-,17+/m0/s1	UOCITXUZOXOHLH-WMLDXEAASA-N
BDA-04	CC(C)(C)OC(=O)NC1=C(C=C(S1)C2=CC=CC=C2)C(=O)NCCC3=CC=CC=C3	InChI=1S/C24H26N2O3S/c1-24(2,3)29-23(28)26-22-19(16-20(30-22)18-12-8-5-9-13-18)21(27)25-15-14-17-10-6-4-7-11-17/h4-13,16H,14-15H2,1-3H3,(H,25,27)(H,26,28)	RNVBPELOZDZKOV-UHFFFAOYSA-N
evybactin	C[C@@H]1[C@@H](C(=O)N[C@H](C(=O)N[C@@H](CC(=O)N[C@@H](C(=O)N[C@H](C(=O)NCC(=O)N[C@@H](C(=O)N[C@H](C(=O)N[C@@H](CC(=O)O1)C(=O)O)CO)CCCNC(=N)N)CC2=CC=CC=C2)CO)C(=O)O)CC3=CN=CN3C)NC(=O)[C@@H](CCCNC(=N)N)NC(=O)[C@H]([C@@H](C)O)NC(=O)[C@H](CC4=CNC5=CC=CC=C54)NC=O	InChI=1S/C64H89N21O21/c1-31(89)50(83-55(96)40(74-30-88)20-34-24-72-37-14-8-7-13-36(34)37)59(100)77-39(16-10-18-71-64(67)68)54(95)84-51-32(2)106-49(92)23-44(62(104)105)81-58(99)46(28-87)82-53(94)38(15-9-17-70-63(65)66)75-48(91)26-73-52(93)41(19-33-11-5-4-6-12-33)78-57(98)45(27-86)76-47(90)22-43(61(102)103)80-56(97)42(79-60(51)101)21-35-25-69-29-85(35)3/h4-8,11-14,24-25,29-32,38-46,50-51,72,86-87,89H,9-10,15-23,26-28H2,1-3H3,(H,73,93)(H,74,88)(H,75,91)(H,76,90)(H,77,100)(H,78,98)(H,79,101)(H,80,97)(H,81,99)(H,82,94)(H,83,96)(H,84,95)(H,102,103)(H,104,105)(H4,65,66,70)(H4,67,68,71)/t31-,32-,38-,39-,40+,41+,42+,43+,44+,45-,46+,50+,51+/m1/s1	WUDFNHIMHPHZCA-RMKJKUPCSA-N
PF-07258669	CC1=C(C=C2CC[C@@]3(CCN(C3)C(=O)[C@H](C)C4=CC(=NC=C4F)OC)NC2=N1)C5=NC=CC=N5	InChI=1S/C25H27FN6O2/c1-15(18-12-21(34-3)29-13-20(18)26)24(33)32-10-7-25(14-32)6-5-17-11-19(16(2)30-22(17)31-25)23-27-8-4-9-28-23/h4,8-9,11-13,15H,5-7,10,14H2,1-3H3,(H,30,31)/t15-,25+/m1/s1	PARGFYLSRQUWHR-BZQUYTCOSA-N
WNE	CC1=CC2=C(C=C1)OC(=O)N2CCCCN3C(=C(N=N3)CCCCC[C@H]4[C@@H]5[C@H](CS4)NC(=O)N5)F	InChI=1S/C24H31FN6O3S/c1-15-9-10-19-18(13-15)30(24(33)34-19)11-5-6-12-31-22(25)16(28-29-31)7-3-2-4-8-20-21-17(14-35-20)26-23(32)27-21/h9-10,13,17,20-21H,2-8,11-12,14H2,1H3,(H2,26,27,32)/t17-,20-,21-/m0/s1	DLFQUZRTJJWUQY-YYWHXJBOSA-N
RI-962	CC(C)C(=O)NC1=NN2C=CC(=CC2=N1)C3=CC4=C(C=C3)N(C=C4C(=O)NC(C)C5=CC=CC=C5)C	InChI=1S/C28H28N6O2/c1-17(2)26(35)31-28-30-25-15-21(12-13-34(25)32-28)20-10-11-24-22(14-20)23(16-33(24)4)27(36)29-18(3)19-8-6-5-7-9-19/h5-18H,1-4H3,(H,29,36)(H,31,32,35)/t18-/m0/s1	XYAYQAFPZOGMAA-SFHVURJKSA-N
TDI-11861	C1COC[C@H](N1CCOC2=CC=CC=C2CC3=CN(N=C3C4=CC(=NC(=N4)N)Cl)C(F)F)CO	InChI=1S/C22H25ClF2N6O3/c23-19-10-17(27-22(26)28-19)20-15(11-31(29-20)21(24)25)9-14-3-1-2-4-18(14)34-8-6-30-5-7-33-13-16(30)12-32/h1-4,10-11,16,21,32H,5-9,12-13H2,(H2,26,27,28)/t16-/m1/s1	XVGSKZXXLKUEIO-MRXNPFEDSA-N
ak-2292	CC(C)(C)[C@@H](C(=O)N1CCC[C@H]1C(=O)N(CCC(=O)N(C)CCCC#CC2=C3CN(C(=O)C3=CC=C2)C4CCC(=O)NC4=O)C5=CC=C(C=C5)C6=NC=CS6)NC(=O)C7=CC8=C(S7)C=CC(=C8)C(F)(F)P(=O)(O)O	InChI=1S/C52H54F2N7O10PS2/c1-51(2,3)44(57-46(65)41-29-33-28-34(16-20-40(33)74-41)52(53,54)72(69,70)71)50(68)60-25-9-13-39(60)49(67)59(35-17-14-32(15-18-35)47-55-23-27-73-47)26-22-43(63)58(4)24-7-5-6-10-31-11-8-12-36-37(31)30-61(48(36)66)38-19-21-42(62)56-45(38)64/h8,11-12,14-18,20,23,27-29,38-39,44H,5,7,9,13,19,21-22,24-26,30H2,1-4H3,(H,57,65)(H,56,62,64)(H2,69,70,71)/t38-,39+,44-/m1/s1	LOPYPDQOHNOVBM-JUDNIGJXSA-N
DN-1289	C1CN(CC1(F)F)C2=NC(=NC(=C2)C3=CN=C(C(=N3)OC(F)F)N)N4C[C@H]5C[C@@H]4CO5	InChI=1S/C18H19F4N7O2/c19-16(20)31-15-14(23)24-5-12(25-15)11-4-13(28-2-1-18(21,22)8-28)27-17(26-11)29-6-10-3-9(29)7-30-10/h4-5,9-10,16H,1-3,6-8H2,(H2,23,24)/t9-,10-/m1/s1	AVWDJSXSWJBVBP-NXEZZACHSA-N
(7S,10R)-11,17-dioxa-2,4,5,13,23-pentazapentacyclo[17.3.1.13,6.17,10.114,16]hexacosa-1(22),3,6(26),19(23),20-pentaen-12-one	C1C[C@@H]2C[C@H]1C3=CC(=NN3)NC4=CC=CC(=N4)COC5CC(C5)NC(=O)O2	InChI=1S/C19H23N5O3/c25-19-21-13-7-15(8-13)26-10-12-2-1-3-17(20-12)22-18-9-16(23-24-18)11-4-5-14(6-11)27-19/h1-3,9,11,13-15H,4-8,10H2,(H,21,25)(H2,20,22,23,24)/t11-,13-,14+,15-/m0/s1	LAQCQSKKZIRXFW-MHEUCROKSA-N
SR-05000001619	CN(C)[C@H]1CCCC[C@@H]1NC2=CC(=C(C=C2)S(=O)(=O)NC3=NC4=C(S3)C=C(C=C4)OCC5CCCC5)F	InChI=1S/C27H35FN4O3S2/c1-32(2)24-10-6-5-9-22(24)29-19-11-14-26(21(28)15-19)37(33,34)31-27-30-23-13-12-20(16-25(23)36-27)35-17-18-7-3-4-8-18/h11-16,18,22,24,29H,3-10,17H2,1-2H3,(H,30,31)/t22-,24-/m0/s1	DYROPBGPVFEZHO-UPVQGACJSA-N
JNJ-65234637	C[C@H]1CN(CCN1C2=NC(=C(C(=C2)NC(=O)CN3C=C(C4=C3N=C5CCCN5C4=O)C6=CC(=C(C(=C6F)F)O)C(=O)N)Cl)F)C	InChI=1S/C29H28ClF3N8O4/c1-13-10-38(2)6-7-40(13)19-9-17(22(30)26(33)36-19)35-20(42)12-39-11-16(14-8-15(27(34)44)25(43)24(32)23(14)31)21-28(39)37-18-4-3-5-41(18)29(21)45/h8-9,11,13,43H,3-7,10,12H2,1-2H3,(H2,34,44)(H,35,36,42)/t13-/m0/s1	LGAFZGSECXDYIR-ZDUSSCGKSA-N
5b	O=C(NC1=CN=C(C(NC2=CN=C(C(NC3=CN=C(C(NC)=O)N(CC(C)C)C3=O)=O)N(C(C)CC)C2=O)=O)N(C4=CC=C(OC)C=C4)C1=O)C5=CC=CC=C5	InChI=1S/C38H40N10O8/c1-7-22(4)47-30(34(51)44-26-17-40-29(33(50)39-5)46(36(26)53)20-21(2)3)41-18-27(37(47)54)45-35(52)31-42-19-28(43-32(49)23-11-9-8-10-12-23)38(55)48(31)24-13-15-25(56-6)16-14-24/h8-19,21-22H,7,20H2,1-6H3,(H,39,50)(H,43,49)(H,44,51)(H,45,52)/t22-/m1/s1	OQYRYXGVRQNQCX-JOCHJYFZSA-N
Y3I	C[C@@H](C[C@@H](N)C1)CN1C2=NC=NC3=C2C(C4=CC(C#N)=CC=C4)=C(Cl)N3	InChI=1S/C19H19ClN6/c1-11-5-14(22)9-26(8-11)19-16-15(13-4-2-3-12(6-13)7-21)17(20)25-18(16)23-10-24-19/h2-4,6,10-11,14H,5,8-9,22H2,1H3,(H,23,24,25)/t11-,14+/m0/s1	BSBZFPBEYMSVPJ-SMDDNHRTSA-N
BKB	O=C(NCCCCC(NO)=O)N1CCC2=C1C=CC(S(N(CC3)CCN3C4=CC(C(F)(F)F)=CC(Cl)=C4)(=O)=O)=C2	InChI=1S/C25H29ClF3N5O5S/c26-19-14-18(25(27,28)29)15-20(16-19)32-9-11-33(12-10-32)40(38,39)21-4-5-22-17(13-21)6-8-34(22)24(36)30-7-2-1-3-23(35)31-37/h4-5,13-16,37H,1-3,6-12H2,(H,30,36)(H,31,35)	KWCPEZUHMIKCPD-UHFFFAOYSA-N
XZ761	O=C(O)C1=C(C(O)=O)C=CC(NC2=C(C3=CC=CC=C3)N=C4N2CCC=C4)=C1	InChI=1S/C21H17N3O4/c25-20(26)15-10-9-14(12-16(15)21(27)28)22-19-18(13-6-2-1-3-7-13)23-17-8-4-5-11-24(17)19/h1-4,6-10,12,22H,5,11H2,(H,25,26)(H,27,28)	DFAARBDUQWZSLI-UHFFFAOYSA-N
ARV-766	C1CC(=O)NC(=O)[C@H]1N2CC3=C(C2=O)C=CC(=C3)N4CCN(CC4)CCC5CCN(CC5)C6=CC=C(C=C6)[C@@H]7[C@@H](COC8=C7C=CC(=C8)O)C9=CC=CC=C9	InChI=1S/C45H49N5O5/c51-36-11-13-38-41(27-36)55-29-39(31-4-2-1-3-5-31)43(38)32-6-8-34(9-7-32)48-20-17-30(18-21-48)16-19-47-22-24-49(25-23-47)35-10-12-37-33(26-35)28-50(45(37)54)40-14-15-42(52)46-44(40)53/h1-13,26-27,30,39-40,43,51H,14-25,28-29H2,(H,46,52,53)/t39-,40-,43-/m0/s1	LXOSOQBOIBGDLD-RNMNAOLMSA-N
VT-105	C[C@@H](C1=CC=CC=N1)NC(=O)C2=CN=C3C(=C2)C=CC=C3C4=CC=C(C=C4)C(F)(F)F	InChI=1S/C24H18F3N3O/c1-15(21-7-2-3-12-28-21)30-23(31)18-13-17-5-4-6-20(22(17)29-14-18)16-8-10-19(11-9-16)24(25,26)27/h2-15H,1H3,(H,30,31)/t15-/m0/s1	FUKXXBXVSANFJK-HNNXBMFYSA-N
BI907808	CC1=C(C=CC2=C3C[C@H]4[C@@H](N3N=C12)[C@@H]([C@]5(N4CC6CC6)C7=C(C=C(C=C7)Cl)NC5=O)C8=C(C(=CC=C8)Cl)F)C(=O)O	InChI=1S/C31H25Cl2FN4O3/c1-14-17(29(39)40)8-9-18-23-12-24-28(38(23)36-27(14)18)25(19-3-2-4-21(33)26(19)34)31(37(24)13-15-5-6-15)20-10-7-16(32)11-22(20)35-30(31)41/h2-4,7-11,15,24-25,28H,5-6,12-13H2,1H3,(H,35,41)(H,39,40)/t24-,25-,28+,31+/m0/s1	AMTXDBGKYPDTTA-SJVQGLCSSA-N
